{
  "project_info": {
    "project_number": "1060396145243",
    "project_id": "proyectoprogav-8ccd8",
    "storage_bucket": "proyectoprogav-8ccd8.appspot.com"
  },
  "client": [
    {
      "client_info": {
        "mobilesdk_app_id": "1:1060396145243:android:8a90a421e2df34277e7d7e",
        "android_client_info": {
          "package_name": "com.example.shopit"
        }
      },
      "oauth_client": [
        {
          "client_id": "1060396145243-bmh17mpi29101bgqejvjfro60hrde2gd.apps.googleusercontent.com",
          "client_type": 3
        }
      ],
      "api_key": [
        {
          "current_key": "AIzaSyDHAFly_8-80qVjr-cNZgZW2d-DerTt7TU"
        }
      ],
      "services": {
        "appinvite_service": {
          "other_platform_oauth_client": [
            {
              "client_id": "1060396145243-bmh17mpi29101bgqejvjfro60hrde2gd.apps.googleusercontent.com",
              "client_type": 3
            }
          ]
        }
      }
    }
  ],
  "configuration_version": "1"
}